text,label_name
international electronic industry elcoteq laid tens employees tallinn facility earlier layoffs contracted office workers daily reported,negative
link takes users site promising users earn thousands dollars google nasdaq cash,negative
compared ftse 100 index rose points 0.6 day relative price change,negative
compared ftse 100 index rose points 1.6 day relative price change -0.4,negative
challenges oil production north sea scale formation production,negative
jan -- struggling face truck suv date cars,negative
fell pct rose 6.3 pct,negative
pharmaceuticals orion corp reported fall earnings hit larger expenditures r&d marketing,negative
growth margin slowed financial crisis,negative
february based steel maker rautaruukki hel rtrks ruukki today slipped larger expected pretax loss eur46 fourth earlier eur45,negative
adpnews feb based steel maker rautaruukki hel rtrks ruukki today slipped larger expected pretax loss 46 usd fourth,negative
result taxes decreased nearly 14.5 compared nearly 20mn previous accounting,negative
slipped loss 2.6 1.3,negative
23 april construction engineering outotec hel ote1v today slipped loss eur7 .3 eur12 .5 corresponding,negative
cramo slipped pretax loss 6.7 pretax 58.9,negative
solutions provider affecto hel afe1v today slipped loss usd second corresponding earlier,negative
comptel slipped loss eur2 .1 eur6 .6 previous,negative
q2 taxes amounted 13.6 q2,negative
adpnews feb real estate investor sponda hel sda1v today slipped loss usd 11.8,negative
adpnews jul 17 based steel maker rautaruukki ruukki hel rtrks today slipped loss usd half,negative
taxes amounted ago,negative
taxes decreased months compared earlier,negative
taxes decreased 31.6 50.0,negative
taxes 4.0 4.9,negative
taxes fell 21.1 compared 35.8 corresponding,negative
construction expenses gone russia,negative
11 august measuring equipment maker vaisala hel vaias today loss widened eur4 .8 half eur2 .3 corresponding earlier,negative
"power supply solutions systems provider efore loss widened 3.2 euro 4.2 fiscal 2006 ending october 31 900,000 euro 1.2 fiscal 2005 06",negative
"adp news 22 information systems developer solteq hel today loss widened usd 10,000",negative
salonen added data shows producers pulp north america,negative
elcoteq recently announced months previous brought major loss half billion kroons 32 fifth running,negative
cash flow operations recent reached low,negative
rising costs forced packaging producer huhtamaki axe 90 jobs hampshire manufacturing plant,negative
rapidly increasing costs strengthening euro challenging industry impacted results,negative
growth rate national debt extremely,negative
loss increased loss 10.8 2005,negative
payment litas interest long term loan provided ragutis majority shareholder estonia le coq added losses,negative
moment ban continues long problem,negative
suominen corporation makes wet wipes nonwovens flexible packaging starting employer employee negotiations tampere plant lay 25 employees,negative
according purchases cash register computer total sum key,negative
according staff laid temporarily necessary,negative
result negotiations employment 130 blue white collar employees oulu plant terminated,negative
software hardware developer elektrobit hel ebg1v eb today temporarily lay 200 people maximum 90 day achieve cost savings 1.7 usd second half,negative
hand sawmills production decreased,negative
sanoma learning literature media sanoma decreased 3.6 january june totalling corresponding,negative
employing 112 abroad unit recorded 8.6 loss 1.6,negative
jp morgan expects lower growth forecast current guidance 23 25 pct margin target current 34 35 pct,negative
furthermore passenger cars light commercial vehicles country declined 5.4 month,negative
firm tietoenator general trend holding flat earlier gains,negative
profitability ebit 13.6 compared 14.3 q2,negative
large stocks lower,negative
mid strength beer decreased 40,negative
teliasonera underlying results included skr positive offs adjusted underlying ebitda actually amounts bln skr clearly expectations analysts,negative
insurance kesko ending loyal customer cooperation,negative
daily kauppalehti supplier rautaruukki raised prices aker zone,negative
shares royal sun alliance continued slide 12 month high month potential takeover bid,negative
managing director comments notably lower especially russia baltic countries,negative
super chief technology officer technologies llc st paul minn based maker patch management tools,negative
original participants dropped effects,negative
aspocomp large factory china factory building project india financing problems,negative
secure point logical weakness numbers card approach,negative
en route port turku stockholm got stuck ice pm wednesday star journey swedish port northwestern estonia cut short thursday,negative
weak snow conditions nearly affected result chief executive roger talermo,negative
danish acknowledged patent held metso,negative
liquidity providing interrupted 11 aspocomp shares traded 0.50 cent aspocomp stock exchange release,negative
adp news feb 13 retailer kesko hel today total excluding value added tax vat stood usd january 15.2,negative
low capacity rate steel production considerably increases fixed costs unit steel produced,negative
asian traffic declined 3.4 cent,negative
plumbing heating systems supplier uponor temporarily laying workforce weeks mid july,negative
metal sector componenta laying temporarily staff pori mill christmas january,negative
according aktia asset management analysts forecasts high,negative
reorganisation measures place spring 2006 tamglass start personnel negotiations affect entire staff 33,negative
benefon target lay temporarily permanently 20 salo plant staff,negative
cash flow investments totalled compared corresponding,negative
lay offs affect 240 people total okmetic employees,negative
majority personnel temporarily laid weeks february june,negative
55 workers àm+ñl affected close,negative
based stockmann closed seven sports stores russia,negative
sampo bank danske bank lay staff support functions,negative
scanfil systems supplier contract manufacturer communications sector notice 20 productional employees temporarily lay 15 employees plant sievi,negative
scanfil systems supplier contract manufacturer communications sector start personnel negotiations oulu lay staff temporarily,negative
additionally terminate maximum salaried senior salaried employees employment contracts,negative
city insurance insurance pay compensation,negative
result decided implement fixed term temporary lay offs,negative
result temporarily lay 25 personnel approximately 270 persons factories,negative
result negotiations employment contracts terminated 13,negative
result negotiations terminate total employment contracts,negative
"conditions temporarily lay 3,200 people different sites",negative
announced november close operations,negative
addition 29 employees laid notice workforce laid short periods needed,negative
metso foundries jyvaskyla inc begin personnel negotiations temporary lay offs personnel reductions jyvaskyla,negative
national juhani met parties wednesday far apart views propose mediation,negative
stora enso largest october close mills,negative
temporary lay offs entire workforce implemented,negative
contracts employees blue collar workers ended march august 2011,negative
current lay offs additional temporary lay offs agreed december,negative
decision means temporary lay offs fixed duration nastola jyvaskyla units southern central respectively,negative
negotiation resulted reduction 80 people regular employment half covered pension arrangements,negative
number permanent reductions clerical workers 22 employees 19,negative
personnel reduction carried hollola jyvaskyla jarvenpaa turku valkeakoski units,negative
reduction notice applied 17 people,negative
18 march today talvivaara,negative
total 140 jobs reduced raahe steel works,negative
result 20 persons longer needed,negative
biohit reduce number leased personnel 10 lay 10 personnel,negative
sports equipment amer sports decided lay workers salomon division france,negative
addition reduce maximum jobs,negative
pharmaceutical orion corporation omx helsinki wednesday january concluded personnel negotiations reduce number personnel,negative
"konecranes previously communicated estimated reduction 1,600 employees level",negative
paper stocks biggest fallers stora enso pct real pct upm kymmene 1.14 pct lower,negative
decided end temporarily shut plant extend maintenance facility,negative
employment contracts 14 employees end march result previous employer employee talks,negative
staff reduction start immediately glaston added,negative
total headcount reduction 50 persons,negative
workforce reduced office netherlands,negative
personnel reductions primarily affect working parent diagnostics production logistics liquid handling,negative
"fiscal efore swung loss 400,000 versus 200,000 corresponding fiscal",negative
konecranes kcr1v fell 5.5 percent euros biggest fall june,negative
financial 2006 expected eur20 result ebit expected loss announced,negative
loss totaled 25mn compared corresponding 2005,negative
production levels agreed producers long time ago fall consumption lead losses,negative
return investment 4.1 compared 43.8 half,negative
ssh communications security corp stock exchange release october 14 pm updates outlook estimates results remain loss,negative
sale result capital loss eur5 solidium obtained tikkurila shares march,negative
result taxes,negative
37.5 48.2 result taxes loss,negative
total 16.5 passenger ship took place northern baltic sea slightly 16.5 2006,negative
media talentum issued warning,negative
shipping finnlines pretax loss totalled 6.5 compared 0.3,negative
city forssa pay compensation food industry companies hk ruokatalo atria tap water march,negative
ab fell 8.9 percent kronor lowest close dec 11,negative
according ceo matti parent hkscan performance remained clearly level corresponding,negative
cencorp estimated .2 compared eur4 .5,negative
diluted earnings eps stood 0.25 versus 0.42,negative
earnings eps amounted loss eur0,negative
earnings eps amounted loss eur0 .38,negative
earnings eps amounted loss eur0,negative
earnings loss eur0,negative
ratio 102.6 compared corresponding 2005,negative
automation solutions developer cencorp corporation omx helsinki cnc1v issued thursday 18 september warning,negative
communication electronics components supplier scanfil tuesday half 2006 15 lower ago,negative
forest industry stora enso issued thursday 20 march warning,negative
technology raute corporation omx helsinki rutav issued tuesday 23 september warning financial,negative
q1 loss totalled 0.3 compared 3.6 q1,negative
reporting eps stood eur0 .07 versus eur0,negative
8.3 passengers airline percent,negative
loss financial items totalled 9.7 compared 1.3 corresponding,negative
loss totalled 15.6 compared 6.3,negative
paper plant germany revenues half loss eur12 reuters,negative
nokia siemens networks past years,negative
loss amounted 0.9 half 2006 compared 0.5 half 2005,negative
loss pulp paper machinery unit 3mn september august compared 3.7 earlier,negative
loss totaled 0.3 compared 2.2 corresponding,negative
loss totaled 0.8 compared 0.5,negative
loss totalled 12.7 compared 17.7 half,negative
loss totalled 3.2 compared 7.2,negative
loss totalled 4.0 compared 8.6 second,negative
loss totalled 5.2 compared loss 3.4 corresponding,negative
non recurring items 8.3 months compared 8.4 corresponding,negative
pretax loss totaled compared loss corresponding,negative
pretax loss totalled compared,negative
pretax loss totalled compared loss 15.4 corresponding,negative
pretax totaled 4.9 compared 5.2 2005,negative
publishing sweden loss 1.1 q1 compared 0.6 ago,negative
raw materials prices surged past rapid china india developing,negative
qualcomm fewer phones earlier versions lower rates,negative
reported today loss eur0 .1 eur4 .5,negative
annual loss amounted eek compared eek 7.3,negative
fair value change investment properties 15.8 compared,negative
stock hit warning rival rautaruukki omx rtrks,negative
bank àland àlandsbanken issued warning,negative
forest machinery manufacturer ponsse issued warning,negative
capital management lp backed printing paper maker newpage corp posted mixed second results cloud planned initial public offering,negative
electronics manufacturing ems elcoteq se posted loss euro 91.2 half compared 7.1 euro 9.8 2006,negative
laboratory liquid handling diagnostic test systems developer biohit omx helsinki biobv issued tuesday june warning financial,negative
retail software developer aldata solution reported loss 11.7 euro versus 2.5 euro 3.7 2006,negative
textiles clothing marimekko posted euro 2006 compared 8.4 euro 10.9 2005,negative
stora enso loss compared previous,negative
january june diluted loss stood eur0 .3 versus eur0 .1 half,negative
october upm reported loss compared,negative
loss amounted 0.7 compared 0.8 second 2005,negative
loss non recurring items 0.9 compared 11.5,negative
margin 8.3 compared 11.8 earlier,negative
1.6 2005 compared 5.9 2004,negative
result showed loss 2.9 showed 0.6,negative
performance 2006 impacted consolidation trend telecom sector overall structural changes contract manufacturing telecommunications technology industrial electronics,negative
salcomp maker mobile phone chargers monday posted eur1 loss second compared previous,negative
scanfil issued warning,negative
scanfil issued warning 10 april 2006,negative
loss amounted 0.8 compared 3.9 earlier,negative
end cash cash totaled eur6 .5 compared eur10 .5 previous,negative
index figure given power fortum 4.5,negative
real estate posted loss x201a -¼ x201a -¼ 0.21 compared x201a -¼ 31 x201a -¼ 0.11 corresponding,negative
competition situation production automation affected 2006 cencorp,negative
tietoenator 1.13 pct extending recent week second report dealers,negative
"far norwegian norske skog reduced staff levels 1,000 people plans reduce production 200,000 tons swedish stora enso cut staff people production 500,000 tons",negative
25 march 2011 electronics contract manufacturer scanfil hel scf1v today plan merge wholly owned scanfil ems yhtyma oy hit shareholders domestic rival rejected deal,negative
elisa ceo sami emt best coverage estonia clearly gives information consumers,negative
case effect negative,negative
nokia certainly qualcomm views patent situation,negative
outokumpu steel mill tornio source,negative
possible personnel reductions concern approximately people,negative
bed night,negative
initially estimated cut 30 jobs,negative
number 2000 2006,negative
according swedish authorities found coast gulf bothnia,negative
airline finnair starting temporary layoffs cabin february,negative
food workers union plans collective day strike begin april,negative
real kyro mill starting negotiations cut staff,negative
suominen flexible packaging cutting 48 jobs unit tampere nastola,negative
media talentum start personnel negotiations cut staff parent talentum publishing unit talentum media,negative
according laavainen raisio food marketing inconsistent,negative
antti president kemira growhow industrial solutions unit told thomson financial news opening prices phosphate long time,negative
applying summer work seen,negative
arcelormittal chief executive officer cut output furnaces,negative
result 12 people redundant total 67 persons laid temporarily,negative
result negotiations decided 45 people redundant financial production grounds,negative
production products continue normally temporary lay offs concern simultaneously 80 employees,negative
chief executive officer olli pekka kallasvuo changes tuesday mark time months executives operations nokia ground apple iphone rim blackberry,negative
cuts costs 35 45 employees target,negative
eb announced stock exchange release november membership board eb,negative
soapstone processing fireplaces maker tulikivi february 26 cut 20 jobs fireplace organization production facilities subsidiary kermansavi oy,negative
suominen flexible packaging ltd owned local textile suominen corporation hel suy1v today start employee negotiations concerning entire personnel,negative
vaahto provides paper making technology process machinery starting negotiations concerning temporary lay offs 140 employees plants hollola tampere,negative
losing month economy alternative arrangements save money,negative
addition production factory stopped beginning april,negative
addition production personnel sport division given temporary lay warning,negative
sweden,negative
incap furniture presently negotiating staff cuts,negative
initially maximum 15 people redundant parent 15 subsidiaries,negative
disappointment plan,negative
thing use holding phone hand,negative
jul 18 -- police looking man gunpoint east avenue afternoon shooting,negative
dismissed post editor chief newspaper december,negative
upm cut production closed mills slashed 700 jobs,negative
adp news jan 27 industrial machinery vaahto ltd hel today subsidiary vaahto ltd cut 15 jobs,negative
adpnews dec cutlery hand tools maker fiskars abp hel fisas today redundant total 18 office management staff members subsidiary iittala ltd,negative
customers left,negative
scanfil temporary lay offs mid october job cuts march,negative
plans close lines plant 450 jobs threat,negative
largest restructuring planned italy negotiations 40 job cuts initiated today noted,negative
measures result weak demand industry,negative
production liquidated june employees loose jobs,negative
"prosecutor demanding outokumpu pay fine 800,000",negative
"pulp production liquidated 1,100 employees loose jobs",negative
machinery work taken poland,negative
cover forest industry units employees concern temporary permanent lay offs,negative
news season,negative
"tornio works employs 2,300 scope fixed time temporary layoffs april october",negative
web user link mail site bank personal banking data,negative
viking line canceled,negative
issue building sites mr smith,negative
30 november office furniture maker martela hel today redundant people laid permanently office staff factory workers,negative
smith laid 30 housing consultant job wife cut spending half family having rely wife income -- --,negative
belarus lidskoe pivo brewery based region reported 1.1 decrease output january march representative administration told,negative
suspect nissan altima,negative
media advisory ntsb testing train detection system failed,negative
"snow storms brought trees power lines cutting electricity 2,000 households",negative
layoffs place plants autumn result negotiations held,negative
metso estimates need personnel reductions 25 people,negative
layoffs,negative
"permanent layoffs plywood sawn timber sectors operations domestic mills earlier temporarily laid 1,200 workers save costs",negative
paper companies negative territories stora enso pct 12.73 upm kymmene pct real pct lower,negative
current reference grade instruments challenging operate high price use,negative
dollar fell pound,negative
number salaried employees administration employees dismissed sievi units 17,negative
total number filling stations decrease recently,negative
cut price projections paper packaging analyst goldman sachs note monday,negative
industrial ruukki brought counter action metal rautaruukki dispute concerning names companies,negative
border service car shipping ferry test travel car terminal russian port border ready,negative
uncertainties cloud long term outlook,negative
20 october environmental management lassila tikanoja hel lat1v l&t monday expects excluding non recurring items slightly lower,negative
according station chain managing director kim forced purchases rising prices half consumer prices going daily competition,negative
according latvian register uponor latvia closed red lvl usd turnover lvl,negative
asked european union marimekko corporation trademark continuing dispute companies,negative
finnair cancellation flights cause daily losses x20ac 2.5 us$,negative
food totalled october representing decrease 5.5 october,negative
adp news 29 bank america bofa today ratings swedish paper maker stora enso hel sterv sector player upm kymmene hel,negative
excluding non recurring items totaled 5.4 compared 5.5 corresponding,negative
raute reported loss eur0 half eps eur0 .74 corresponding,negative
air traffic,negative
extra web mouse,negative
weak demand forestry equipment situation,negative
situation coated magazine printing paper continue weak,negative
high court fined seven local asphalt companies lion 117 cartel,negative
estonian electronic components factory elcoteq running material closure air traffic,negative
"ferries run trouble outside stockholm 20,000 islands",negative
energy executives high steel prices energy exploration,negative
capacity cut 1.4 passenger load factor 7.8 percentage points,negative
present trade mark pit produkt little known outside north west russia,negative
copper lead nickel dropped hbos hbos 20 saying,negative
demand half remained inconsistent added,negative
strike finnair estimates incur loss eur2 eur2 .5 day,negative
earnings eps dropped 0.21,negative
deputy chairman board lember told bns wednesday time strike swedish informed estonian union,negative
finnair passenger load factor measures number sold seats available seats dropped 1.3 percentage points september,negative
frost sold shares 19 .12 compared friday high low,negative
result 3.6 negative,negative
glaston dropped 2.4 euro 3.5 3.5 euro 5.1 corresponding 2006,negative
q1 result taxes continuing operations excluding non recurring items totalled -0.4 compared -0.1 corresponding,negative
kone court papers union action delayed elevators federal jan 21 state office building jan 23,negative
l&t dropped 36 45,negative
lassila tikanoja excluding non recurring items second eur11 .3 eur13 .8 ago,negative
result burdened costs restructuring,negative
commercial vessels got stuck narrow bay bothnia ice islands,negative
cash flow activities negative 3.1 compared corresponding,negative
cash activities negative 0.3 compared 30.9,negative
dropped 11.9,negative
weak dollar,negative
nordic banks write loans latvia swedbank nordea dnb seb reporting combined losses excess 1.35 billion near economic latvia,negative
okmetic expects half,negative
commerce department published expected construction spending figures november,negative
excluding non recurring items totaled 0.2 0.8 corresponding 2006,negative
excluding non recurring items totalled 1.0 1.6,negative
excluding non recurring items totalled 2.2 2.7 corresponding,negative
excluding non recurring items amounted,negative
excluding non recurring items 7.8 compared 11.2,negative
relations city comments mr ashley city investors analysts,negative
reported margin negative 5.9,negative
stora chief executive jouko karvinen described russian threat future forest products industry,negative
swedbank shares hit swedish banks ongoing international financial crisis,negative
acquisition àlandsbanken sverige burdened performance 3.0,negative
currency effect 3.0 pct 20 euro negative impact revenue,negative
previously result lower posted earlier,negative
maritime administration ships conditions,negative
offer low finnlines board stands pm tomorrow,negative
dropped 30.6 according interim report released today,negative
recent cheaper,negative
union filed assignment policies,negative
2005 result remain weaker 2004,negative
vaisala dropped 3.0 euro 4.3 6.8 euro 9.8 2006,negative
considerably weaker dollar british pound impact average prices euros upm,negative
implementation programs negative 2006 earnings mr,negative
number deals moment decided apartments sale added,negative
cut frequency york explains fall,negative
continues magazine papers target close deals end,negative
survey conducted sampo life shows companies prepared losing key staff members,negative
agricultural newspaper readers representing decrease,negative
cet arcelormittal lost euronext paris coming lead blue chip fallers,negative
cash flow operations january december negative 18.1 compared corresponding,negative
eps dropped eur0 .2 eur0 .3,negative
cinema operations particular,negative
kone shares dropped 4.1 percent x20ac 43 us$ helsinki,negative
ramirent 18 kroons loss 7.3 kroons black,negative
return capital employed negative 2.3 compared 11.3,negative
stora enso target cut holmen target -- sek 135 sek 150,negative
dismissed staff members matter court outside,negative
eu commission earlier fined united technologies corp ag kone total cartel activity lift going years,negative
spot performance water,negative
dropped eur30 .6 .3 according interim report released today,negative
yit lodged counter claims neste oil totaling eur25 primarily based work carried contract additional costs incurred prolongation project,negative
rapala vmc corporation stock exchange release october 10 kaupthing bank informed rapala vmc corporation rapala interrupted liquidity providing rapala time,negative
increases signaling traffic network resources allows fewer smartphones connect,negative
ship delayed estimated completed spring,negative
tallink significant drop problems system taken operation october sale trailer ferry wind route stockholm riga won passengers helsinki stockholm route,negative
finnlines estimated annual general meeting financially tough large investments,negative
adjustment fall price level contrast effective,negative
17 march 2011 goldman sachs estimates negative prospects norwegian mobile operations norway telenor asa osl tel sweden teliasonera ab sto tlsn short term,negative
based result existing order backlog order prospects expects contract 25 gross margin stay healthy level margin lower lower volume,negative
stores 16 march stationery gift retailer tiimari hel tii1v yesterday cut total 28 jobs units tiimari retail ltd gallerix ltd result closure shops,negative
driver left car suspect forced gunpoint drive durham,negative
administrators indicated need 900 job cuts irish insurer 15 months,negative
total need staff cuts corresponds 300 man years,negative
according scanfil demand telecommunications network products significantly 2006 situation expected remain rest,negative
finnair believes strike cause daily losses excess 2mn canceled passenger routing,negative
helsinki thomson financial shares closed little changed cargotec huhtamaki dropping sharply second reports,negative
airline estimated cancellation flights closure european process traffic caused loss eur20 including costs passengers,negative
announcement comes weeks key licensing agreement expires companies payments texas instrument use qualcomm technology,negative
op pohjola staff union insurance tasks refused sale insurance account determining,negative
ruukki calculates lost 4mn failed project,negative
samsung currently place lost ground dropping 1.8 11.1 overall,negative
baltimore police fire pension 1.5 billion lost 3.5 scheme,negative
"strike extremely 1,300 participants reporters begin day eu summit russian president vladimir lahti 100 kilometers 60 north helsinki",negative
small firms suffering moment likely money trouble added,negative
altogether finnair canceled 500 flights strike,negative
result excluding items totaled 9.1 compared 10.6 continuing operations excluding items 2004,negative
dealers hit investor disappointment refining margin usd performance shipping unit saw ebit drop 20 fall volumes tanker rates,negative
making matters difficult higher oil gas prices pushed cost energy raw materials transportation,negative
small investors shares end risk investors,negative
result burdened increased fixed costs associated operations china restructuring costs japan,negative
12 month decreased eur2 .9 turnover increased .5 compared financial 2004,negative
12 month decreased eur28 .2 turnover increased compared financial 2004,negative
12 month decreased eur5 .4 increased .0 compared financial 2004,negative
month decreased eur21 increased .9 compared corresponding,negative
month decreased eur1 .65 increased eur14 .6 compared corresponding 2005,negative
half bank fell 11.8 interest income increased 20.9 half,negative
12 month decreased .5 increased .3 compared,negative
12 month decreased eur17 .9 increased eur58 .3 compared,negative
month decreased .9 increased .7 compared corresponding,negative
comparable decreased increased compared,negative
earlier today rival uponor cut growth forecast pct 10 pct tough conditions germany currency factors,negative
loss totalled 0.3 5.1 half,negative
loss totalled 0.9 2.7,negative
pretax loss totaled 1.2 2.1 2004,negative
loss 0.8 2.5 2004,negative
national carrier loss april june earlier,negative
generated loss 43.9,negative
upm lower x20ac us$ second mainly charges,negative
association data cover figures 100 small local breweries imported beer products actual shares members smaller given report,negative
pm omx helsinki 25 0.30 pct lower omx helsinki 0.37 pct volume 256,negative
pm omx helsinki 25 pct omx helsinki pct lower turnover,negative
helsinki afx kci konecranes resources inc voting rights cranes fell week pct pct october 2005,negative
january august imports sea container trailer units fell exports corresponding,negative
airline price closed slightly x20ac .74 helsinki,negative
omx helsinki 25 ended 0.47 pct lower omx helsinki 0.21 pct bln turnover,negative
information released september nokia american shares fell,negative
"construction yit number start financed residential units 2,300 previously announced",negative
huhtamaki biggest pct lower omx helsinki 25 0.32 pct higher omx helsinki 0.47 pct,negative
pm omx helsinki 25 index 0.32 pct lower,negative
close omx helsinki 25 0.01 pct lower points omx helsinki 0.05 pct points bln turnover,negative
capacity seikku sawmill pori sawmill pietarsaari result 60 people laid weeks starting mid,negative
confirmed estimate lower revenue ago 93.9 usd given interim report august,negative
expects remain level,negative
measures result decreased demand technical design product information,negative
omx nordic 40 omxn40 index comprising 40 traded nordic stocks nasdaq omx exchange closed 0.87 points thursday,negative
shall decrease capital reserves,negative
expected fall result non recurring items expected red,negative
bank àland reports fell 6.1 second 7.5 second,negative
budapest august 10 mti electronics maker elcoteq lay 700 workers plants hungary end september falling orders communications director elcoteq local unit krippl told mti monday,negative
earnings eps 2005 decreased eur0 eur1 .15 2004,negative
finnair tallinn based subsidiary carried passengers decline routes helsinki baltic capitals southern,negative
helsinki afx kesko corp expected report lower second eps today tax charges earnings lines seen higher analysts,negative
q1 bank àland interest income weakened 10 9.1,negative
adpnews aug media ilkka yhtyma hel ilk2s today fell 45 5.9 usd 8.4 half,negative
lower outlook published earlier,negative
continuing operations fell half,negative
revenue totaled billion percent billion fourth,negative
sampo bank lending 13.6 14.4,negative
sanoma news advertising decreased 22,negative
26 october environmental management lassila tikanoja hel lat1v l&t today declined eur20 .9 months eur27 .6 earlier,negative
bank àland reports fell 4.9 5.6 2006,negative
bank àland reports 2.2 6.3 corresponding,negative
electronics contract manufacturer scanfil reports 2006 2005,negative
electronics contract manufacturer scanfil reports 58.9 second earlier,negative
exel composites technology designs manufactures markets composite profiles tubes industrial applications reports decreased 0.6 second 19.2 corresponding,negative
geosentric decreased january march,negative
kemira decreased january june january june,negative
plumbing heating systems supplier uponor continuing operations decreased 9.4,negative
plumbing heating systems supplier uponor continuing operations decreased july september compared,negative
scanfil contract manufacturer systems supplier communication industrial electronics reports half 111.1 earlier,negative
scanfil systems supplier contract manufacturer communications sector electronics industry reports totalled half 99.5 half,negative
scanfil systems supplier contract manufacturer communications sector electronics industry reports cent smaller corresponding,negative
shipping finnlines grimaldi reports decreased january june corresponding,negative
cargo traffic fell tonnes september,negative
cash flow investments amounted eur45 eur46,negative
coca cola leader manufacturers 2.2 corresponding 2004 2005,negative
comparable decreased 13.8 17.1 corresponding 2005,negative
consolidated continuing operations decreased 51.2,negative
consolidated pretax decreased,negative
device volume area decreased 21 2.7 units,negative
diluted earnings eps declined,negative
diluted earnings eps fell,negative
eur5 .9 h1 09 august media ilkka yhtyma hel ilk2s today fell 45 eur5 .9 half,negative
earnings eps amounted eur1 eur2 .30,negative
earnings eps 2005 decreased eur1 eur1 2003,negative
earnings eps half amounted eur0 eur0 ago,negative
finnair total traffic decreased 8.7 terms revenue passenger kilometres,negative
software affectogenimap 1.2 euro 1.5 months 2006 2.2 euro 2.8 2005,negative
financial software solutions developer basware fell euro 1.2 2.0 euro 2.7 earlier,negative
glass technology glaston abp decreased 2.6 euro 3.8 months 7.8 euro 11.4 2006,negative
"management software solutions provider ixonos decreased euro 575,000 euro 1.0",negative
media talentum decreased 2.5 euro 4.0 3.0 euro 4.7,negative
metal products componenta went slightly 25.1 euro 40.2 half 25.4 euro,negative
separate announcement helsinki stock exchange atria revealed profits declined eur13 .9 eur12 .7 q3,negative
fourth decreased fourth,negative
insurer par cs slid citigroup ing slashed targets stock,negative
adp news feb 11 wood products technology supplier raute hel rutav today decreased 4.7 usd 6.1 6.6,negative
adp news feb 12 construction lemminkainen hel lem1s today decreased usd,negative
adp news feb broadband data communication systems solutions teleste hel tlt1v today decreased 5.5 usd 7.2 9.4 200,negative
adp news jan 22 mobile phones maker nokia omx nok1v today decreased billion usd 6.5 bn billion,negative
adpnews cutlery hand tools maker fiskars abp hel fisas today declined usd 17 17 correspond,negative
adpnews oct 21 based consultancy tieto hel today usd 43.9 months 58.7,negative
decreased route helsinki tallinn estonia 0.1 percentage points 24.8,negative
fell half 5.5 9.4 end,negative
months march 31 fell x20ac 103 us$ x20ac earlier,negative
decreased corresponding,negative
decreased corresponding 2005,negative
fell 33,negative
fell previous accounting,negative
kyro main area glaston technologies manufacturer glass processing machines decreased january september 2005,negative
decreased 21.1,negative
fell 7.9 second 2005 5.1 second 2006,negative
fell 15.1 24.6 2006,negative
fell,negative
fell 38.1,negative
fell 6.2 8.5,negative
orion decreased euro euro 57.5 earlier,negative
pretax decreased 37,negative
pretax decreased 33.8 40.8 fourth 2005,negative
pretax totaled 9.0,negative
prices delivery volumes broadband products decreased significantly 2005,negative
fell 1.6 7.5 january september,negative
totalled 0.8 1.1 corresponding,negative
totalled 1.1 1.6,negative
revenue fell percent euro 2.4 billion compared earlier,negative
srv lowered estimate uncertainties housing,negative
stora enso second result fall half compared,negative
subscription decreased slightly,negative
confirmed estimate lower revenue ago .9 given interim report august,negative
fall turnover planned,negative
department store division fell 8.6,negative
fair value investment properties went billion end billion earlier,negative
fair value investment properties went eur2 bn end september eur2 bn earlier,negative
order portfolio decreased 42.9,negative
decreased,negative
tiimari segment fell 4.0 eur3 .3 june,negative
electronics contract manufacturer scanfil,negative
alma media amounted 11.9 earlier,negative
commission income decreased 3.8 compared 4.6,negative
commission income fell 4.6 5.1 corresponding,negative
export declined percent 16.4 liters,negative
exports goods fell 59 imports 16.7,negative
developer manufacturer mobile phone chargers salcomp plc omx helsinki sal1v wednesday 19 november lowered estimate,negative
investment fell 23.5 euro 30.6 2006 euro 2005,negative
ebit half eur13 .6 us$ 17.8 falling short eur22 .5 posted,negative
shrank cent 48 cent earlier,negative
saw 1.4 1.5 corresponding,negative
saw eur1 .4 eur1 .5 corresponding,negative
declined 1.2 billion,negative
food trade amounted .1 decline 1.1,negative
january november totalled drop 12.6,negative
july september konecranes decreased july september,negative
volume coca cola decreased 2.2 24.2,negative
september declined percent 19.28 liters,negative
baltic countries development operations reorganisation continued non recurring items related takeover process lowered earnings,negative
baltic countries fell 40.2 russia 23.2 terms euros terms local currency,negative
baltic countries fell,negative
nokia shares 3.3 percent lower 12.73,negative
nokia shares hit euros friday 50 percent start introduction touch screen models,negative
decreased 11.2 16.6,negative
decreased nearly 1.7,negative
fell 20.3 second,negative
fourth fell eur33 eur39 earlier,negative
totaled 3.8 4.5 corresponding 2005,negative
totaled 6.7 7.2 corresponding 2005,negative
totaled 9.4 11.7 2004,negative
totalled 1.22,negative
totalled 43.8 earlier,negative
totalled 9.0 9.7 half,negative
totalled 9.6,negative
-0.1 1.3,negative
10.9 14.3,negative
revenue slightly x20ac 495 compared x20ac earlier,negative
tiimari went 11.8 gallerix stores saw 29 growth,negative
seppala cent,negative
talentum september smaller expected,negative
previous estimate lower revenue ago 93.9,negative
totaled ls h1 30.9,negative
months end march slid .4 us$ .2,negative
margin came 2.4 5.7,negative
margin aker yards cruise ferries division went 8.3 6.4,negative
terms aforementioned funding considerably bank current levels maturity ranging 7.5 years,negative
total capital funds managed bank decreased 28 end september,negative
upm stock fell percent euro 12.49 early afternoon trading helsinki,negative
yit baltic quarters totaled euros representing drop 29 percent,negative
adpnews sep 28 silicon wafers maker okmetic hel okm1v reduce number clerical workers 22 worldwide result personnel negotiations completed today,negative
demand fireplace products lower expected especially germany,negative
"currently foresees pre tax remain level reached 700,000 usd compared previous projections slightly better pre tax",negative
orders received review fell 17 recorded second,negative
announcement pushed freenet shares 6.3 eur0 .71 frankfurt trade eur10 .65 investors gave hope united internet ag pursue takeover freenet,negative
according addition normal situation weakened autumn,negative
changes situation price competition reduced demand packaging manufactured plant according,negative
building home improvement trade decreased 6.3 totalling,negative
building home improvement trade totalled earlier,negative
building home improvement trade decreased,negative
suominen corporation makes wipes nonwovens flexible packaging expects changes situation reduce suominen nonwovens wet wipes previously estimated volumes,negative
fiscal lower estimated negative,negative
unit industry hit poor major winter 2006 07,negative
drop explained continuing economic mixed current bank lending resulting decline demand products customers find increasingly difficult fund operations,negative
nokia price fell percent euros helsinki siemens shares fell percent euros frankfurt,negative
february elcoteq sold st petersburg facility according information reason supply problems russian service,negative
declined mainly increased cost wood recycled fiber strengthened euro,negative
fourth went eur3 eur4 .2 corresponding included costs growth projects,negative
upm kymmene corp world largest maker magazine paper tuesday reported 19 percent drop lower paper prices higher costs strong euro revenue,negative
bosse added trygvesta financial strength acquire entire unit,negative
meat atria longer promise sufficient domestic beef customers,negative
thanks internet consumers compare products previously companies competitive,negative
capital expenditure energy efficiency fallen decline economy,negative
rapid decrease personnel reductions carried wider scale initially expected,negative
excluding non recurring items decreased 6.2 16.8 representing 2.3,negative
waste management cleaning lassila tikanoja l&t went euro 35.3 euro 2006,negative
qualcomm estimated 46 50 cents excluding certain items analyst estimate 61 cents,negative
swedish stora enso understand decision issued federal judge brazil concerning stora enso associated pulp veracel,negative
margin slipped 14.4 15.1 dragged poor performance enterprise solutions,negative
result transactions aggregate holdings life sciences capital fund lp decreased cent total number shares votes,negative
result issuing shares directed offering joint holdings decreased 10 total number shares votes,negative
printing fell partly termination printing contract ilkka yhtyma printing house print oy sector player media ab december fall printing prices,negative
seven month ragutis controlled brewery olvi declined 11.2 percent liters held percent,negative
omx helsinki index 0.33 pct lower omx helsinki cap portfolio index 0.34 pct,negative
omx helsinki index 0.34 pct turnover,negative
repeats sees reporting helsinki tecnomen results,negative
comparable totaled 4.7 5.1 corresponding 2005 representing 7.4,negative
hobby hall decreased 10 international fell 19,negative
hobby hall decrease 26 pct implementing information system involved changing principal posting,negative
baltic states reports 11.9 14.2 operative ebit,negative
profits half 0.8 0.9 glisten invested brand management team,negative
decreased 2.0 international decreased 9.3 terms euros 15.1 terms local currencies,negative
comparable january june fell short corresponding performance,negative
result 12 month decreased eur0 .4 turnover decreased eur5 .6 compared 2004,negative
helsinki thomson financial shares cargotec fell sharply early afternoon trade cargo handling posted drop april june profits large number orders received months,negative
london marketwatch -- prices ended lower london monday bank stocks failed offset weakness ftse 100,negative
fell 35.4 including vessel gain 12.3,negative
paper segment decreased second second excluding non recurring items rose 8.0 7.6,negative
decreased 10.5 january outside dropped 17,negative
